"time","dx","dy","x","y"
0,1,0,0.5,1
0.12,1,-1.1772,0.6199999999999999,0.9293679999973428
0.24,1,-2.3544,0.74,0.7174719999971066
0.36,1,-3.5316,0.86,0.3643119999969531
0.4000000001100023,1,-3.924000001079122,0.9000000001100023,0.2151999995652739
0.4000000001100023,-0.9,-3.924000001079122,0.9000000001100023,0.2151999995652739
0.400000000354451,-0.9,-3.924000003477164,0.8999999998899983,0.2151999986060564
0.400000000354451,-0.9,-3.924000003477164,0.8999999998899983,0.2151999986060564
0.4283529369004978,-0.9,-4.202142310993883,0.8744823569985563,0.09999999988996211
0.4283529369004978,-0.9,3.781928079894495,0.8744823569985563,0.09999999988996211
0.48,-0.9,3.275270390888379,0.8280000002090043,0.282241787240369
0.6,-0.9,2.098070390888378,0.7200000002090043,0.604642234144853
0.72,-0.9,0.9208703908883784,0.6120000002090044,0.7857786810504964
0.84,-0.9,-0.2563296091116216,0.5040000002090044,0.8256511279563526
0.96,-0.9,-1.433529609111622,0.3960000002090043,0.7242595748625226
1.08,-0.9,-2.610729609111623,0.2880000002090042,0.4816040217686447
1.199388223258503,-0.9,-3.781928079277538,0.1805505992763515,0.1000000001099609
1.199388223258503,-0.9,3.403735271349784,0.1805505992763515,0.1000000001099609
1.2,-0.9,3.397733741515699,0.1800000002090043,0.1020804903781261
1.288888889243351,-0.9,2.525733738038427,0.09999999988998845,0.3653457127337477
1.288888889243351,0.8100000000000001,2.525733738038427,0.09999999988998845,0.3653457127337477
1.288888889514977,0.8100000000000001,2.52573373537378,0.1000000001100051,0.3653457134198007
1.288888889514977,0.8100000000000001,2.52573373537378,0.1000000001100051,0.3653457134198007
1.32,0.8100000000000001,2.2205337415157,0.1251999996028741,0.4391765393361906
1.44,0.8100000000000001,1.043333741515702,0.222399999602874,0.6350085883144091
1.56,0.8100000000000001,-0.1338662584843004,0.3195999996028742,0.6895766372946959
1.68,0.8100000000000001,-1.311066258484299,0.4167999996028741,0.6028806862756054
1.8,0.8100000000000001,-2.4882662584843,0.5139999996028741,0.3749207352567105
1.893319980977549,0.8100000000000001,-3.403735271874055,0.5895891841946888,0.09999999988997513
1.893319980977549,0.8100000000000001,3.063361744686649,0.5895891841946888,0.09999999988997513
1.92,0.8100000000000001,2.801630758076406,0.611199999602874,0.1782390556466167
2.04,0.8100000000000001,1.624430758076405,0.708399999602874,0.4438027466124383
2.16,0.8100000000000001,0.4472307580764043,0.8055999996028741,0.568102437580261
2.276543210502645,0.8100000000000001,-0.6960581369545447,0.9000000001100166,0.5536028667816756
2.276543210502645,-0.7290000000000001,-0.6960581369545447,0.9000000001100166,0.5536028667816756
2.276543210804455,-0.7290000000000001,-0.6960581399152965,0.8999999998899975,0.553602866571598
2.276543210804455,-0.7290000000000001,-0.6960581399152965,0.8999999998899975,0.553602866571598
2.28,-0.7290000000000001,-0.729969241923591,0.8974800005664454,0.551138128544188
2.4,-0.7290000000000001,-1.907169241923591,0.8100000005664454,0.3929098195105507
2.517858562964048,-0.7290000000000001,-3.0633617446009,0.7240811081656544,0.09999999988991073
2.517858562964048,-0.7290000000000001,2.757025570140811,0.7240811081656544,0.09999999988991073
2.52,-0.7290000000000001,2.736018072818121,0.7225200005664455,0.1058815034289051
2.64,-0.7290000000000001,1.558818072818121,0.6350400005664454,0.3635716721594837
2.76,-0.7290000000000001,0.3816180728181239,0.5475600005664456,0.4799978408960915
2.88,-0.7290000000000001,-0.7955819271818774,0.4600800005664455,0.4551600096333461
3,-0.7290000000000001,-1.972781927181879,0.3726000005664454,0.2890581783707853
3.079943286656701,-0.7290000000000001,-2.757025569284112,0.3143213445937106,0.1000000001099883
3.079943286656701,-0.7290000000000001,2.481323012355701,0.3143213445937106,0.1000000001099883
3.12,-0.7290000000000001,2.088366654457936,0.2851200005664454,0.1915233746209693
3.24,-0.7290000000000001,0.911166654457936,0.1976400005664455,0.3714953731529885
3.36,-0.7290000000000001,-0.2660333455420605,0.1101600005664457,0.4102033716866755
3.37393690079079,-0.7290000000000001,-0.402754342299708,0.09999999988995999,0.4055429578588033
3.37393690079079,0.6561000000000001,-0.402754342299708,0.09999999988995999,0.4055429578588033
3.373936901126214,0.6561000000000001,-0.4027543455902196,0.1000000001100318,0.4055429577237094
3.373936901126214,0.6561000000000001,-0.4027543455902196,0.1000000001100318,0.4055429577237094
3.48,0.6561000000000001,-1.443233345542061,0.1695879992811229,0.3076473702165949
3.585819537980351,0.6561000000000001,-2.4813230131293,0.2390161981500309,0.09999999988993022
3.585819537980351,0.6561000000000001,2.23319071181637,0.2390161981500309,0.09999999988993022
3.6,0.6561000000000001,2.094080379403609,0.248319999281123,0.1306813515562649
3.72,0.6561000000000001,0.9168803794036076,0.3270519992811231,0.3113389970803093
3.84,0.6561000000000001,-0.260319620596388,0.4057839992811229,0.3507326426072851
3.96,0.6561000000000001,-1.437519620596391,0.4845159992811231,0.2488622881348169
4.041108164135244,0.6561000000000001,-2.233190710763131,0.5377310657702564,0.1000000001099005
4.041108164135244,0.6561000000000001,2.009871639686818,0.5377310657702564,0.1000000001099005
4.08,0.6561000000000001,1.628342729853557,0.5632479992811231,0.1707484181465071
4.2,0.6561000000000001,0.4511427298535545,0.6419799992811233,0.2955175457261143
4.32,0.6561000000000001,-0.7260572701464487,0.7207119992811235,0.2790226733073696
4.44,0.6561000000000001,-1.90325727014645,0.7994439992811235,0.1212638008888841
4.450867927568629,0.6561000000000001,-2.009871639594694,0.8065744465589006,0.1000000001099322
4.450867927568629,0.6561000000000001,1.808884475635224,0.8065744465589006,0.1000000001099322
4.56,0.6561000000000001,0.7382988450834719,0.8781759992811233,0.2389896974211869
4.593263223333147,0.6561000000000001,0.4119866241852966,0.9000000001100013,0.2581207986513145
4.593263223333147,-0.5904900000000002,0.4119866241852966,0.9000000001100013,0.2581207986513145
4.593263223705755,-0.5904900000000002,0.4119866205300142,0.8999999998899801,0.2581207988048234
4.593263223705755,-0.5904900000000002,0.4119866205300142,0.8999999998899801,0.2581207988048234
4.68,-0.5904900000000002,-0.4389011549165241,0.8487828008559917,0.2569535588258716
4.8,-0.5904900000000002,-1.616101154916525,0.7779240008559916,0.1336534202353184
4.819651714760235,-0.5904900000000002,-1.808884476714436,0.7663198598072201,0.09999999988989496
4.819651714760235,-0.5904900000000002,1.627996029042992,0.7663198598072201,0.09999999988989496
4.92,-0.5904900000000002,0.6435793508408999,0.7070652008559913,0.2139743469581285
5.04,-0.5904900000000002,-0.5336206491591031,0.6362064008559911,0.2205718690575785
5.151557123186648,-0.5904900000000002,-1.627996027620123,0.5703330351855073,0.1000000001099199
5.151557123186648,-0.5904900000000002,1.46519642485811,0.5703330351855073,0.1000000001099199
5.16,-0.5904900000000002,1.382371803319125,0.565347600855991,0.1120208339849258
5.28,-0.5904900000000002,0.205171803319124,0.4944888008559909,0.2072734503791633
5.4,-0.5904900000000002,-0.9720281966808773,0.4236300008559908,0.1612620667763355
5.450271990629943,-0.5904900000000002,-1.465196424760614,0.393944893108916,0.1000000001098762
5.450271990629943,-0.5904900000000002,1.318676782284552,0.393944893108916,0.1000000001098762
5.52,-0.5904900000000002,0.6346450103642991,0.3527712008559915,0.1681006202290502
5.64,-0.5904900000000002,-0.5425549896357063,0.2819124008559911,0.1736260214711977
5.719115371309974,-0.5904900000000002,-1.318676782186556,0.2351955652511642,0.1000000001098727
5.719115371309974,-0.5904900000000002,1.186809103967901,0.2351955652511642,0.1000000001098727
5.76,-0.5904900000000002,0.7857308965187497,0.211053600855991,0.1403232828484481
5.88,-0.5904900000000002,-0.3914691034812539,0.1401948008559908,0.1639789904288577
5.948070248380227,-0.5904900000000002,-1.059238240091285,0.09999999988995024,0.1146039858264169
5.948070248380227,0.5314410000000002,-1.059238240091285,0.09999999988995024,0.1146039858264169
5.948070248794382,0.5314410000000002,-1.059238244154147,0.1000000001100493,0.1146039853877272
5.948070248794382,0.5314410000000002,-1.059238244154147,0.1000000001100493,0.1146039853877272
5.961074414082205,0.5314410000000002,-1.186809105627688,0.1069109467147751,0.0999999998899849
5.961074414082205,0.5314410000000002,1.06812819506492,0.1069109467147751,0.0999999998899849
6,0.5314410000000002,0.6862681972113516,0.1275975990205139,0.1341454536320759
6.12,0.5314410000000002,-0.4909318027886453,0.1913705190205138,0.1458656372957155
6.178837552513606,0.5314410000000002,-1.068128192947121,0.2226392067658971,0.1000000001098854
6.178837552513606,0.5314410000000002,0.9613153736524086,0.2226392067658971,0.1000000001098854
6.24,0.5314410000000002,0.3613117638108789,0.2551434390205141,0.140447556521116
6.36,0.5314410000000002,-0.8158882361891209,0.3189163590205141,0.113172968177155
6.374824376897479,0.5314410000000002,-0.961315373553385,0.326794640703287,0.1000000001098945
6.374824376897479,0.5314410000000002,0.8651838361980465,0.326794640703287,0.1000000001098945
6.48,0.5314410000000002,-0.1665890264376902,0.3826892790205142,0.1367375723080359
6.551212518823652,0.5314410000000002,-0.8651838360977129,0.4205345312366744,0.1000000001099383
6.551212518823652,0.5314410000000002,0.7786654524879416,0.4205345312366744,0.1000000001099383
6.6,0.5314410000000002,0.3000602621479679,0.446462199020514,0.1263141553517119
6.709961846537739,0.5314410000000002,-0.7786654523872563,0.5049004327063769,0.1000000001099185
6.709961846537739,0.5314410000000002,0.7007989071485307,0.5049004327063769,0.1000000001099185
6.72,0.5314410000000002,0.6023246216837563,0.510235119020514,0.1065404770861471
6.84,0.5314410000000002,-0.5748753783162505,0.5740080390205144,0.1081874316860975
6.852836241460701,0.5314410000000002,-0.70079890704573,0.580829744018631,0.1000000001099534
6.852836241460701,0.5314410000000002,0.630719016341157,0.580829744018631,0.1000000001099534
6.96,0.5314410000000002,-0.4205574549293665,0.6377809590205146,0.1112608515141181
6.981423196871272,0.5314410000000002,-0.6307190162365417,0.6491661241889801,0.1000000001099906
6.981423196871272,0.5314410000000002,0.5676471146128875,0.6491661241889801,0.1000000001099906
7.08,0.5314410000000002,-0.3993913240799423,0.7015538790205149,0.108293059073303
7.097151456720454,0.5314410000000002,-0.5676471145075921,0.7106688663314895,0.1000000001099404
7.097151456720454,0.5314410000000002,0.5108824030568329,0.7106688663314895,0.1000000001099404
7.2,0.5314410000000002,-0.4980618065155228,0.7653267990205151,0.1006592899434121
7.201306890563872,0.5314410000000002,-0.5108824029471072,0.7660213342486699,0.100000000109992
7.201306890563872,0.5314410000000002,0.4597941626523965,0.7660213342486699,0.100000000109992
7.295046781001497,0.5314410000000002,-0.4597941625407043,0.8158385553627319,0.1000000001099868
7.295046781001497,0.5314410000000002,0.4138147462866338,0.8158385553627319,0.1000000001099868
7.32,0.5314410000000002,0.1690236679113197,0.8290997190205153,0.1072718474009329
7.379412682373349,0.5314410000000002,-0.4138147461712333,0.8606740543536903,0.1000000001099865
7.379412682373349,0.5314410000000002,0.3724332715541099,0.8606740543536903,0.1000000001099865
7.44,0.5314410000000002,-0.2219283143633382,0.8928726390205154,0.1045593459284065
7.453411387321503,0.5314410000000002,-0.3534940239872794,0.9000000001100421,0.1007007400017821
7.453411387321503,-0.4782969000000001,-0.3534940239872794,0.9000000001100421,0.1007007400017821
7.453411387781665,-0.4782969000000001,-0.3534940285014643,0.8999999998899482,0.1007007398391171
7.453411387781665,-0.4782969000000001,-0.3534940285014643,0.8999999998899482,0.1007007398391171
7.455341994168824,-0.4782969000000001,-0.3724332771595039,0.8990765968398493,0.09999999988999625
7.455341994168824,-0.4782969000000001,0.3351899494435535,0.8990765968398493,0.09999999988999625
7.523678374630007,-0.4782969000000001,-0.3351899428806508,0.8663915179080449,0.1000000001099747
7.523678374630007,-0.4782969000000001,0.3016709485925857,0.8663915179080449,0.1000000001099747
7.56,-0.4782969000000001,-0.05464419628703376,0.8490189970906165,0.104486206683039
7.585181116429631,-0.4782969000000001,-0.3016709484617155,0.8369749471637848,0.1000000001099766
7.585181116429631,-0.4782969000000001,0.271503853615544,0.8369749471637848,0.1000000001099766
7.640533584023261,-0.4782969000000001,-0.2715038534779751,0.8105000335064008,0.1000000001099808
7.640533584023261,-0.4782969000000001,0.2443534681301776,0.8105000335064008,0.1000000001099808
7.68,-0.4782969000000001,-0.1428120726016305,0.791623369090616,0.1020037375838892
7.690350804830137,-0.4782969000000001,-0.2443534679852794,0.7866726112278563,0.1000000001099858
7.690350804830137,-0.4782969000000001,0.2199181211867515,0.7866726112278563,0.1000000001099858
7.735186303527449,-0.4782969000000001,-0.2199181210338763,0.7652279311909781,0.1000000001099892
7.735186303527449,-0.4782969000000001,0.1979263089304886,0.7652279311909781,0.1000000001099892
7.775538252324544,-0.4782969000000001,-0.197926308769022,0.7459277191723683,0.1000000001099866
7.775538252324544,-0.4782969000000001,0.1781336778921198,0.7459277191723683,0.1000000001099866
7.8,-0.4782969000000001,-0.06183606680409563,0.7342277410906158,0.1014224215158653
7.811855006209601,-0.4782969000000001,-0.178133677720283,0.7285575283710829,0.1000000001099943
7.811855006209601,-0.4782969000000001,0.1603203099482547,0.7285575283710829,0.1000000001099943
7.844540084671804,-0.4782969000000001,-0.1603203097659589,0.7129243566663543,0.1000000001099946
7.844540084671804,-0.4782969000000001,0.144288278789363,0.7129243566663543,0.1000000001099946
7.873956655251239,-0.4782969000000001,-0.1442882785948914,0.6988545021495794,0.1000000001099888
7.873956655251239,-0.4782969000000001,0.1298594507354023,0.6988545021495794,0.1000000001099888
7.900431568733559,-0.4782969000000001,-0.1298594505261633,0.6861916331032173,0.1000000001099884
7.900431568733559,-0.4782969000000001,0.116873505473547,0.6861916331032173,0.1000000001099884
7.92,-0.4782969000000001,-0.07509280525023869,0.6768321130906155,0.1004087914876755
7.924258990825525,-0.4782969000000001,-0.1168735052486373,0.6747950509816386,0.1000000001099905
7.924258990825525,-0.4782969000000001,0.1051861547237736,0.6747950509816386,0.1000000001099905
7.945703670663072,-0.4782969000000001,-0.1051861544825619,0.6645381270938474,0.1000000001099882
7.945703670663072,-0.4782969000000001,0.09466753903430575,0.6645381270938474,0.1000000001099882
7.965003882468202,-0.4782969000000001,-0.09466753877402072,0.6553068956181103,0.1000000001099954
7.965003882468202,-0.4782969000000001,0.08520078489661864,0.6553068956181103,0.1000000001099954
7.982374073040427,-0.4782969000000001,-0.08520078461691648,0.6469987873150055,0.1000000001099991
7.982374073040427,-0.4782969000000001,0.07668070615522483,0.6469987873150055,0.1000000001099991
7.998007244499161,-0.4782969000000001,-0.0766807058549443,0.639521489869125,0.1000000001099945
7.998007244499161,-0.4782969000000001,0.06901263526944987,0.639521489869125,0.1000000001099945
8.012077098751311,-0.4782969000000001,-0.06901263494414119,0.6327919221968699,0.1000000001099978
8.012077098751311,-0.4782969000000001,0.06211137144972707,0.6327919221968699,0.1000000001099978
8.024739967512474,-0.4782969000000001,-0.06211137109727906,0.6267353113232988,0.100000000109996
8.024739967512474,-0.4782969000000001,0.05590023398755115,0.6267353113232988,0.100000000109996
8.036136549326191,-0.4782969000000001,-0.0559002336050099,0.6212843615712018,0.1000000001099959
8.036136549326191,-0.4782969000000001,0.05031021024450891,0.6212843615712018,0.1000000001099959
8.039999999999999,-0.4782969000000001,0.01240975913444648,0.6194364850906163,0.1001211578621304
8.046393472881107,-0.4782969000000001,-0.05031020982921387,0.6163785068313488,0.100000000109999
8.046393472881107,-0.4782969000000001,0.04527918884629249,0.6163785068313488,0.100000000109999
8.055624703996681,-0.4782969000000001,-0.04527918839748606,0.6119632376055864,0.1000000001099961
8.055624703996681,-0.4782969000000001,0.04075126955773746,0.6119632376055864,0.1000000001099961
8.063932811909762,-0.4782969000000001,-0.04075126906959197,0.607989495345894,0.1000000001099999
8.063932811909762,-0.4782969000000001,0.03667614216263278,0.607989495345894,0.1000000001099999
8.071410108932962,-0.4782969000000001,-0.03667614163496879,0.6044131273593177,0.1000000001099968
8.071410108932962,-0.4782969000000001,0.03300852747147191,0.6044131273593177,0.1000000001099968
8.078139676146778,-0.4782969000000001,-0.03300852689605741,0.6011943962226082,0.1000000001099988
8.078139676146778,-0.4782969000000001,0.02970767420645167,0.6011943962226082,0.1000000001099988
8.084196286522328,-0.4782969000000001,-0.02970767357769663,0.5982975382554746,0.1000000001099997
8.084196286522328,-0.4782969000000001,0.02673690621992697,0.5982975382554746,0.1000000001099997
8.089647235732803,-0.4782969000000001,-0.02673690553483622,0.5956903661460469,0.1000000001099988
8.089647235732803,-0.4782969000000001,0.0240632149813526,0.5956903661460469,0.1000000001099988
8.094553089883247,-0.4782969000000001,-0.02406321423449417,0.5933439113140379,0.1000000001099997
8.094553089883247,-0.4782969000000001,0.02165689281104475,0.5933439113140379,0.1000000001099997
8.098968358467381,-0.4782969000000001,-0.0216568919993017,0.5912321020375796,0.1000000001099987
8.098968358467381,-0.4782969000000001,0.01949120279937153,0.5912321020375796,0.1000000001099987
8.102942100028514,-0.4782969000000001,-0.01949120191535225,0.5893314737674882,0.1000000001099999
8.102942100028514,-0.4782969000000001,0.01754208172381702,0.5893314737674882,0.1000000001099999
8.106518467254622,-0.4782969000000001,-0.01754208076429149,0.5876209084099796,0.1000000001099976
8.106518467254622,-0.4782969000000001,0.01578787268786234,0.5876209084099796,0.1000000001099976
8.109737197563026,-0.4782969000000001,-0.01578787163759461,0.5860813996815332,0.1000000001099997
8.109737197563026,-0.4782969000000001,0.01420908447383515,0.5860813996815332,0.1000000001099997
8.112634054627422,-0.4782969000000001,-0.01420908332789337,0.5846958419278893,0.1000000001099983
8.112634054627422,-0.4782969000000001,0.01278817499510403,0.5846958419278893,0.1000000001099983
8.115241225752653,-0.4782969000000001,-0.01278817374339776,0.5834488400609226,0.1000000001099985
8.115241225752653,-0.4782969000000001,0.01150935636905799,0.5834488400609226,0.1000000001099985
8.117587679511402,-0.4782969000000001,-0.01150935500426156,0.58232653850212,0.1000000001099994
8.117587679511402,-0.4782969000000001,0.0103584195038354,0.58232653850212,0.1000000001099994
8.119699487617552,-0.4782969000000001,-0.01035841801749195,0.5813164672315538,0.10000000011
8.119699487617552,-0.4782969000000001,0.009322576215742758,0.5813164672315538,0.10000000011
8.12160011461185,-0.4782969000000001,-0.009322574598323283,0.5804074032321247,0.1000000001099996
8.12160011461185,-0.4782969000000001,0.008390317138490956,0.5804074032321247,0.1000000001099996
8.12331067857868,-0.4782969000000001,-0.008390315376107443,0.5795892457895384,0.10000000011
8.12331067857868,-0.4782969000000001,0.007551283838496699,0.5795892457895384,0.10000000011
8.12485018579013,-0.4782969000000001,-0.007551281905822628,0.5788529042627745,0.100000000109999
8.12485018579013,-0.4782969000000001,0.006796153715240365,0.5788529042627745,0.100000000109999
8.126235741887125,-0.4782969000000001,-0.006796151596278895,0.5781901970768056,0.1000000001099995
8.126235741887125,-0.4782969000000001,0.006116536436651005,0.5781901970768056,0.1000000001099995
8.127482741944169,-0.4782969000000001,-0.006116534122946823,0.5775937608152218,0.1000000001099993
8.127482741944169,-0.4782969000000001,0.005504880710652141,0.5775937608152218,0.1000000001099993
8.128605041525958,-0.4782969000000001,-0.00550487818670477,0.5770569684043805,0.1000000001099997
8.128605041525958,-0.4782969000000001,0.004954390368034294,0.5770569684043805,0.1000000001099997
8.129615110637907,-0.4782969000000001,-0.004954387620172658,0.5765738554793501,0.1000000001099995
8.129615110637907,-0.4782969000000001,0.004458948858155392,0.5765738554793501,0.1000000001099995
8.130524172281543,-0.4782969000000001,-0.004458945865929628,0.5761390541132894,0.1000000001099998
8.130524172281543,-0.4782969000000001,0.004013051279336665,0.5761390541132894,0.1000000001099998
8.131342327153945,-0.4782969000000001,-0.004013048018925706,0.5757477331740997,0.1000000001099994
8.131342327153945,-0.4782969000000001,0.003611743217033136,0.5757477331740997,0.1000000001099994
8.132078665875959,-0.4782969000000001,-0.003611739645918138,0.5753955446460107,0.10000000011
8.132078665875959,-0.4782969000000001,0.003250565681326324,0.5753955446460107,0.10000000011
8.132741370000922,-0.4782969000000001,-0.00325056178455538,0.575078575317424,0.10000000011
8.132741370000922,-0.4782969000000001,0.002925505606099842,0.575078575317424,0.10000000011
8.133337802922984,-0.4782969000000001,-0.002925501359338849,0.5747933032997433,0.1000000001099998
8.133337802922984,-0.4782969000000001,0.002632951223404964,0.5747933032997433,0.1000000001099998
8.133874591691747,-0.4782969000000001,-0.002632946598147274,0.5745365588956898,0.1000000001099999
8.133874591691747,-0.4782969000000001,0.002369651938332547,0.5745365588956898,0.1000000001099999
8.134357700646255,-0.4782969000000001,-0.002369646905396269,0.5743054893803861,0.1000000001099997
8.134357700646255,-0.4782969000000001,0.002132682214856642,0.5743054893803861,0.1000000001099997
8.134792497685099,-0.4782969000000001,-0.002132676736205683,0.5740975273045776,0.1000000001099999
8.134792497685099,-0.4782969000000001,0.001919409062585115,0.5740975273045776,0.1000000001099999
8.135183813905222,-0.4782969000000001,-0.001919403056828658,0.5739103619695728,0.10000000011
8.135183813905222,-0.4782969000000001,0.001727462751145792,0.5739103619695728,0.10000000011
8.135535997281112,-0.4782969000000001,-0.001727456166336869,0.5737419137526529,0.1000000001099999
8.135535997281112,-0.4782969000000001,0.001554710549703182,0.5737419137526529,0.1000000001099999
8.135852960981842,-0.4782969000000001,-0.001554703354444655,0.5735903109971818,0.1000000001099999
8.135852960981842,-0.4782969000000001,0.001399233019000189,0.5735903109971818,0.1000000001099999
8.136138226853205,-0.4782969000000001,-0.00139922517908558,0.5734538692152323,0.10000000011
8.136138226853205,-0.4782969000000001,0.001259302661177022,0.5734538692152323,0.10000000011
8.136394964548918,-0.4782969000000001,-0.001259294133769162,0.5733310723712597,0.10000000011
8.136394964548918,-0.4782969000000001,0.001133364720392246,0.5733310723712597,0.10000000011
8.136626026748177,-0.4782969000000001,-0.001133355454335236,0.5732205560376471,0.1000000001099999
8.136626026748177,-0.4782969000000001,0.001020019908901713,0.5732205560376471,0.1000000001099999
8.136833980851396,-0.4782969000000001,-0.001020009843668264,0.5731210922347355,0.1000000001099998
8.136833980851396,-0.4782969000000001,0.0009180088593014381,0.5731210922347355,0.1000000001099998
8.137021137500023,-0.4782969000000001,-0.0009179978637306736,0.5730315757898828,0.1000000001099999
8.137021137500023,-0.4782969000000001,0.0008261980773576063,0.5730315757898828,0.1000000001099999
8.137189576254009,-0.4782969000000001,-0.0008261860992431133,0.5729510120560115,0.1000000001099999
8.137189576254009,-0.4782969000000001,0.000743567489318802,0.5729510120560115,0.1000000001099999
8.137341168705845,-0.4782969000000001,-0.0007435544631785582,0.5728785058562356,0.10000000011
8.137341168705845,-0.4782969000000001,0.0006691990168607024,0.5728785058562356,0.10000000011
8.137477599275167,-0.4782969000000001,-0.0006691848681824481,0.5728132515378639,0.10000000011
8.137477599275167,-0.4782969000000001,0.0006022663813642033,0.5728132515378639,0.10000000011
8.137600383923608,-0.4782969000000001,-0.000602251019853789,0.5727545240211463,0.10000000011
8.137600383923608,-0.4782969000000001,0.0005420259178684101,0.5727545240211463,0.10000000011
8.13771088699793,-0.4782969000000001,-0.0005420092412302314,0.5727016707432576,0.1000000001099999
8.13771088699793,-0.4782969000000001,0.0004878083171072083,0.5727016707432576,0.1000000001099999
8.137810336375889,-0.4782969000000001,-0.0004877900806672362,0.5726541044140732,0.10000000011
8.137810336375889,-0.4782969000000001,0.0004390110726005126,0.5726541044140732,0.10000000011
8.137899837102854,-0.4782969000000001,-0.0004389910589134153,0.5726112964938187,0.10000000011
8.137899837102854,-0.4782969000000001,0.0003950919530220738,0.5726112964938187,0.10000000011
8.137980383693575,-0.4782969000000001,-0.0003950701019593808,0.5725727713091708,0.10000000011
8.137980383693575,-0.4782969000000001,0.0003555630917634427,0.5725727713091708,0.10000000011
8.138052871197658,-0.4782969000000001,-0.0003555393232904119,0.5725381007606792,0.10000000011
8.138052871197658,-0.4782969000000001,0.0003199853909613707,0.5725381007606792,0.10000000011
8.138118105142302,-0.4782969000000001,-0.0003199596060036507,0.5725068995671809,0.10000000011
8.138118105142302,-0.4782969000000001,0.0002879636454032856,0.5725068995671809,0.10000000011
8.138176810480218,-0.4782969000000001,-0.0002879357195594642,0.572478820986042,0.10000000011
8.138176810480218,-0.4782969000000001,0.0002591421476035178,0.572478820986042,0.10000000011
8.138229639642647,-0.4782969000000001,-0.0002591119358257856,0.5724535529614225,0.10000000011
8.138229639642647,-0.4782969000000001,0.000233200742243207,0.5724535529614225,0.10000000011
8.138277179771759,-0.4782969000000001,-0.0002331679243511876,0.5724308146650423,0.10000000011
8.138277179771759,-0.4782969000000001,0.0002098511319160689,0.5724308146650423,0.10000000011
8.138319959249248,-0.4782969000000001,-0.0002098155422475552,0.5724103533735758,0.10000000011
8.138319959249248,-0.4782969000000001,0.0001888339880227997,0.5724103533735758,0.10000000011
8.13835845358571,-0.4782969000000001,-0.0001887954526587851,0.572391941651779,0.10000000011
8.13835845358571,-0.4782969000000001,0.0001699159073929066,0.572391941651779,0.10000000011
8.138393090704001,-0.4782969000000001,-0.0001698742230532059,0.5723753748254748,0.10000000011
8.138393090704001,-0.4782969000000001,0.0001528868007478853,0.5723753748254748,0.10000000011
8.138424255691275,-0.4782969000000001,-0.000152841724404036,0.5723604687086734,0.10000000011
8.138424255691275,-0.4782969000000001,0.0001375575519636324,0.5723604687086734,0.10000000011
8.138452295075496,-0.4782969000000001,-0.0001375088072392688,0.5723470575581229,0.10000000011
8.138452295075496,-0.4782969000000001,0.000123757926515342,0.5723470575581229,0.10000000011
8.138477520638789,-0.4782969000000001,-0.0001237048494025169,0.5723349922493984,0.10000000011
8.138477520638789,-0.4782969000000001,0.0001113343644622652,0.5723349922493984,0.10000000011
8.138500212823711,-0.4782969000000001,-0.0001112759696200179,0.5723241386476962,0.10000000011
8.138500212823711,-0.4782969000000001,0.0001001483726580161,0.5723241386476962,0.10000000011
8.138520623935154,-0.4782969000000001,-0.0001000846305998411,0.5723143760763674,0.10000000011
8.138520623935154,-0.4782969000000001,9.007616753985701e-05,0.5723143760763674,0.10000000011
8.13853898103498,-0.4782969000000001,-9.000698174111643e-05,0.5723055959324281,0.10000000011
8.13853898103498,-0.4782969000000001,8.100628356700479e-05,0.5723055959324281,0.10000000011
8.138555488453905,-0.4782969000000001,-8.093149607483482e-05,0.5722977004851298,0.10000000011
8.138555488453905,-0.4782969000000001,7.283834646735133e-05,0.5722977004851298,0.10000000011
8.138570330053268,-0.4782969000000001,-7.27577432720761e-05,0.572290601794164,0.10000000011
8.138570330053268,-0.4782969000000001,6.548196894486849e-05,0.572290601794164,0.10000000011
8.138583671258182,-0.4782969000000001,-6.539525125234734e-05,0.5722842207372119,0.10000000011
8.138583671258182,-0.4782969000000001,5.885572612711261e-05,0.5722842207372119,0.10000000011
8.138595660871353,-0.4782969000000001,-5.876237907499981e-05,0.5722784861424003,0.10000000011
8.138595660871353,-0.4782969000000001,5.288614116749983e-05,0.5722784861424003,0.10000000011
8.138606432722906,-0.4782969000000001,-5.278572256831877e-05,0.5722733339991951,0.10000000011
8.138606432722906,-0.4782969000000001,4.750715031148689e-05,0.5722733339991951,0.10000000011
8.138616107172661,-0.4782969000000001,-4.739920178414979e-05,0.5722687067398682,0.10000000011
8.138616107172661,-0.4782969000000001,4.265928160573481e-05,0.5722687067398682,0.10000000011
8.138624792446274,-0.4782969000000001,-4.254325254441573e-05,0.5722645526004232,0.10000000011
8.138624792446274,-0.4782969000000001,3.828892728997415e-05,0.5722645526004232,0.10000000011
8.138632585828582,-0.4782969000000001,-3.816415314344936e-05,0.5722608250498251,0.10000000011
8.138632585828582,-0.4782969000000001,3.434773782910443e-05,0.5722608250498251,0.10000000011
8.138639574736352,-0.4782969000000001,-3.421344739286174e-05,0.5722574822769044,0.10000000011
8.138639574736352,-0.4782969000000001,3.079210265357557e-05,0.5722574822769044,0.10000000011
8.138645837550193,-0.4782969000000001,-3.06461011238967e-05,0.5722544867924592,0.10000000011
8.138645837550193,-0.4782969000000001,2.758149101150703e-05,0.5722544867924592,0.10000000011
8.138651444170959,-0.4782969000000001,-2.741945869803499e-05,0.5722518051631276,0.10000000011
8.138651444170959,-0.4782969000000001,2.467751282823149e-05,0.5722518051631276,0.10000000011
8.138656457166995,-0.4782969000000001,-2.44999782910065e-05,0.5722494074626635,0.10000000011
8.138656457166995,-0.4782969000000001,2.204998046190585e-05,0.5722494074626635,0.10000000011
8.138660932927912,-0.4782969000000001,-2.185723412877681e-05,0.572247266720092,0.10000000011
8.138660932927912,-0.4782969000000001,1.967151071589913e-05,0.572247266720092,0.10000000011
8.138664922243326,-0.4782969000000001,-1.94636734920497e-05,0.5722453586428966,0.10000000011
8.138664922243326,-0.4782969000000001,1.751730614284473e-05,0.5722453586428966,0.10000000011
8.138668470820516,-0.4782969000000001,-1.729423608137015e-05,0.5722436613694276,0.10000000011
8.138668470820516,-0.4782969000000001,1.556481247323313e-05,0.5722436613694276,0.10000000011
8.13867161974996,-0.4782969000000001,-1.532618536727824e-05,0.5722421552462366,0.10000000011
8.13867161974996,-0.4782969000000001,1.379356683055042e-05,0.5722421552462366,0.10000000011
8.138674406071873,-0.4782969000000001,-1.354025114204163e-05,0.572240822557103,0.10000000011
8.138674406071873,-0.4782969000000001,1.218622602783747e-05,0.572240822557103,0.10000000011
8.138676863026364,-0.4782969000000001,-1.191649753798134e-05,0.572239647403386,0.10000000011
8.138676863026364,-0.4782969000000001,1.072484778418321e-05,0.572239647403386,0.10000000011
8.138679020151066,-0.4782969000000001,-1.043654556042665e-05,0.5722386156573271,0.10000000011
8.138679020151066,-0.4782969000000001,9.392891004383988e-06,0.5722386156573271,0.10000000011
8.13868090353505,-0.4782969000000001,-9.083105866378153e-06,0.5722377148406067,0.10000000011
8.13868090353505,-0.4782969000000001,8.174795279740339e-06,0.5722377148406067,0.10000000011
8.138682535992984,-0.4782969000000001,-7.839617064536167e-06,0.5722369340410369,0.10000000011
8.138682535992984,-0.4782969000000001,7.05565535808255e-06,0.5722369340410369,0.10000000011
8.138683935165927,-0.4782969000000001,-6.670231208756175e-06,0.5722362648209559,0.10000000011
8.138683935165927,-0.4782969000000001,6.003208087880557e-06,0.5722362648209559,0.10000000011
8.138685113366003,-0.4782969000000001,-5.554934657402977e-06,0.572235701291512,0.10000000011
8.138685113366003,-0.4782969000000001,4.999441191662679e-06,0.572235701291512,0.10000000011
8.138686081067704,-0.4782969000000001,-4.493712500585317e-06,0.572235238442788,0.10000000011
8.138686081067704,-0.4782969000000001,4.044341250526785e-06,0.572235238442788,0.10000000011
8.138686848872634,-0.4782969000000001,-3.487825113576411e-06,0.5722348712040701,0.10000000011
8.138686848872634,-0.4782969000000001,3.13904260221877e-06,0.5722348712040701,0.10000000011
8.138687439466462,-0.4782969000000001,-2.654682858128284e-06,0.5722345887248725,0.10000000011
8.138687439466462,-0.4782969000000001,2.389214572315455e-06,0.5722345887248725,0.10000000011
8.138687875636682,-0.4782969000000001,-1.889615277721531e-06,0.5722343801060088,0.10000000011
8.138687875636682,-0.4782969000000001,1.700653749949378e-06,0.5722343801060088,0.10000000011
8.13868815410409,-0.4782969000000001,-1.031111518585841e-06,0.572234246915911,0.10000000011
8.13868815410409,-0.4782969000000001,9.280003667272568e-07,0.572234246915911,0.10000000011
8.138688248711794,-0.4782969000000001,-1.012130970256526e-10,0.5722342016653392,0.1000000001099932
8.138688248711794,-0.4782969000000001,9.10917873230873e-11,0.5722342016653392,0.1000000001099932
8.16,-0.4782969000000001,-0.2090682800462101,0.5620408570906192,0.09777219451551845
8.183840613308822,-0.4782969000000001,-0.442944696605753,0.5506379656509109,0.08999999989095289
8.183840613308822,-0.4782969000000001,0,0.5506379656509109,0.08999999989095289
8.279999999999999,-0.4782969000000001,0,0.5046452290906195,0.08999999989095289
8.4,-0.4782969000000001,0,0.447249601090619,0.08999999989095289
8.52,-0.4782969000000001,0,0.3898539730906193,0.08999999989095289
8.640000000000001,-0.4782969000000001,0,0.332458345090619,0.08999999989095289
8.76,-0.4782969000000001,0,0.2750627170906194,0.08999999989095289
8.880000000000001,-0.4782969000000001,0,0.2176670890906189,0.08999999989095289
9,-0.4782969000000001,0,0.1602714610906192,0.08999999989095289
9.119999999999999,-0.4782969000000001,0,0.1028758330906192,0.08999999989095289
9.126012652811726,-0.4782969000000001,0,0.09999999988999408,0.08999999989095289
9.126012652811726,0.4304672100000002,0,0.09999999988999408,0.08999999989095289
9.126012653322862,0.4304672100000002,0,0.1000000001100216,0.08999999989095289
9.126012653322862,0.4304672100000002,0,0.1000000001100216,0.08999999989095289
9.24,0.4304672100000002,0,0.149067815209432,0.08999999989095289
9.359999999999999,0.4304672100000002,0,0.200723880409432,0.08999999989095289
9.48,0.4304672100000002,0,0.2523799456094322,0.08999999989095289
9.6,0.4304672100000002,0,0.3040360108094319,0.08999999989095289
9.720000000000001,0.4304672100000002,0,0.3556920760094324,0.08999999989095289
9.84,0.4304672100000002,0,0.4073481412094317,0.08999999989095289
9.960000000000001,0.4304672100000002,0,0.4590042064094321,0.08999999989095289
10.08,0.4304672100000002,0,0.5106602716094318,0.08999999989095289
10.2,0.4304672100000002,0,0.5623163368094315,0.08999999989095289
10.32,0.4304672100000002,0,0.6139724020094319,0.08999999989095289
10.44,0.4304672100000002,0,0.6656284672094316,0.08999999989095289
10.56,0.4304672100000002,0,0.717284532409432,0.08999999989095289
10.68,0.4304672100000002,0,0.7689405976094317,0.08999999989095289
10.8,0.4304672100000002,0,0.8205966628094321,0.08999999989095289
10.92,0.4304672100000002,0,0.8722527280094318,0.08999999989095289
10.98445850335635,0.4304672100000002,0,0.9000000001100134,0.08999999989095289
10.98445850335635,-0.3874204890000001,0,0.9000000001100134,0.08999999989095289
10.98445850392435,-0.3874204890000001,0,0.8999999998899549,0.08999999989095289
10.98445850392435,-0.3874204890000001,0,0.8999999998899549,0.08999999989095289
11.04,-0.3874204890000001,0,0.878482086320537,0.08999999989095289
11.16,-0.3874204890000001,0,0.8319916276405369,0.08999999989095289
11.28,-0.3874204890000001,0,0.7855011689605372,0.08999999989095289
11.4,-0.3874204890000001,0,0.7390107102805367,0.08999999989095289
11.52,-0.3874204890000001,0,0.692520251600537,0.08999999989095289
11.64,-0.3874204890000001,0,0.6460297929205367,0.08999999989095289
11.76,-0.3874204890000001,0,0.5995393342405371,0.08999999989095289
11.88,-0.3874204890000001,0,0.5530488755605367,0.08999999989095289
12,-0.3874204890000001,0,0.5065584168805369,0.08999999989095289
12.12,-0.3874204890000001,0,0.4600679582005373,0.08999999989095289
12.24,-0.3874204890000001,0,0.4135774995205369,0.08999999989095289
12.36,-0.3874204890000001,0,0.3670870408405369,0.08999999989095289
12.48,-0.3874204890000001,0,0.3205965821605365,0.08999999989095289
12.6,-0.3874204890000001,0,0.2741061234805368,0.08999999989095289
12.72,-0.3874204890000001,0,0.2276156648005364,0.08999999989095289
12.84,-0.3874204890000001,0,0.1811252061205366,0.08999999989095289
12.96,-0.3874204890000001,0,0.1346347474405362,0.08999999989095289
13.04939833729496,-0.3874204890000001,0,0.09999999988993624,0.08999999989095289
13.04939833729496,0.3486784401000002,0,0.09999999988993624,0.08999999989095289
13.04939833792624,0.3486784401000002,0,0.1000000001100495,0.08999999989095289
13.04939833792624,0.3486784401000002,0,0.1000000001100495,0.08999999989095289
13.08,0.3486784401000002,0,0.1106701399063961,0.08999999989095289
13.2,0.3486784401000002,0,0.1525115527183956,0.08999999989095289
13.32,0.3486784401000002,0,0.1943529655303961,0.08999999989095289
13.44,0.3486784401000002,0,0.2361943783423959,0.08999999989095289
13.56,0.3486784401000002,0,0.2780357911543965,0.08999999989095289
13.68,0.3486784401000002,0,0.3198772039663963,0.08999999989095289
13.8,0.3486784401000002,0,0.3617186167783967,0.08999999989095289
13.92,0.3486784401000002,0,0.4035600295903963,0.08999999989095289
14.04,0.3486784401000002,0,0.4454014424023961,0.08999999989095289
14.16,0.3486784401000002,0,0.4872428552143964,0.08999999989095289
14.28,0.3486784401000002,0,0.5290842680263962,0.08999999989095289
14.4,0.3486784401000002,0,0.5709256808383966,0.08999999989095289
14.52,0.3486784401000002,0,0.6127670936503963,0.08999999989095289
14.64,0.3486784401000002,0,0.6546085064623967,0.08999999989095289
14.76,0.3486784401000002,0,0.6964499192743969,0.08999999989095289
14.88,0.3486784401000002,0,0.7382913320863973,0.08999999989095289
15,0.3486784401000002,0,0.780132744898397,0.08999999989095289
15.12,0.3486784401000002,0,0.8219741577103967,0.08999999989095289
15.24,0.3486784401000002,0,0.8638155705223971,0.08999999989095289
15.34377593056007,0.3486784401000002,0,0.9000000001100097,0.08999999989095289
15.34377593056007,-0.3138105960900002,0,0.9000000001100097,0.08999999989095289
15.34377593126132,-0.3138105960900002,0,0.8999999998899528,0.08999999989095289
15.34377593126132,-0.3138105960900002,0,0.8999999998899528,0.08999999989095289
15.36,-0.3138105960900002,0,0.8949087152080615,0.08999999989095289
15.48,-0.3138105960900002,0,0.857251443677261,0.08999999989095289
15.6,-0.3138105960900002,0,0.819594172146461,0.08999999989095289
15.72,-0.3138105960900002,0,0.7819369006156607,0.08999999989095289
15.84,-0.3138105960900002,0,0.7442796290848603,0.08999999989095289
15.96,-0.3138105960900002,0,0.70662235755406,0.08999999989095289
16.08,-0.3138105960900002,0,0.6689650860232609,0.08999999989095289
16.2,-0.3138105960900002,0,0.6313078144924607,0.08999999989095289
16.32,-0.3138105960900002,0,0.5936505429616603,0.08999999989095289
16.44,-0.3138105960900002,0,0.55599327143086,0.08999999989095289
16.56,-0.3138105960900002,0,0.5183359999000607,0.08999999989095289
16.68,-0.3138105960900002,0,0.4806787283692605,0.08999999989095289
16.8,-0.3138105960900002,0,0.4430214568384601,0.08999999989095289
16.92,-0.3138105960900002,0,0.4053641853076598,0.08999999989095289
17.04,-0.3138105960900002,0,0.3677069137768608,0.08999999989095289
17.16,-0.3138105960900002,0,0.3300496422460605,0.08999999989095289
17.28,-0.3138105960900002,0,0.2923923707152602,0.08999999989095289
17.4,-0.3138105960900002,0,0.254735099184461,0.08999999989095289
17.52,-0.3138105960900002,0,0.2170778276536606,0.08999999989095289
17.64,-0.3138105960900002,0,0.1794205561228603,0.08999999989095289
17.76,-0.3138105960900002,0,0.1417632845920599,0.08999999989095289
17.88,-0.3138105960900002,0,0.1041060130612607,0.08999999989095289
17.89308436752151,-0.3138105960900002,0,0.09999999988987582,0.08999999989095289
17.89308436752151,0.2824295364810002,0,0.09999999988987582,0.08999999989095289
17.89308436830117,0.2824295364810002,0,0.1000000001100747,0.08999999989095289
17.89308436830117,0.2824295364810002,0,0.1000000001100747,0.08999999989095289
18,0.2824295364810002,0,0.130196132413349,0.08999999989095289
18.12,0.2824295364810002,0,0.1640876767910688,0.08999999989095289
18.24,0.2824295364810002,0,0.1979792211687881,0.08999999989095289
18.36,0.2824295364810002,0,0.2318707655465084,0.08999999989095289
18.48,0.2824295364810002,0,0.2657623099242288,0.08999999989095289
18.6,0.2824295364810002,0,0.2996538543019491,0.08999999989095289
18.72,0.2824295364810002,0,0.3335453986796684,0.08999999989095289
18.84,0.2824295364810002,0,0.3674369430573887,0.08999999989095289
18.96,0.2824295364810002,0,0.4013284874351091,0.08999999989095289
19.08,0.2824295364810002,0,0.4352200318128284,0.08999999989095289
19.2,0.2824295364810002,0,0.4691115761905487,0.08999999989095289
19.32,0.2824295364810002,0,0.503003120568269,0.08999999989095289
19.44,0.2824295364810002,0,0.5368946649459893,0.08999999989095289
19.56,0.2824295364810002,0,0.5707862093237086,0.08999999989095289
19.68,0.2824295364810002,0,0.6046777537014288,0.08999999989095289
19.8,0.2824295364810002,0,0.6385692980791492,0.08999999989095289
19.92,0.2824295364810002,0,0.6724608424568694,0.08999999989095289
20.04,0.2824295364810002,0,0.7063523868345891,0.08999999989095289
20.16,0.2824295364810002,0,0.7402439312123095,0.08999999989095289
20.28,0.2824295364810002,0,0.7741354755900297,0.08999999989095289
20.4,0.2824295364810002,0,0.8080270199677491,0.08999999989095289
20.52,0.2824295364810002,0,0.8419185643454693,0.08999999989095289
20.64,0.2824295364810002,0,0.8758101087231895,0.08999999989095289
20.72564929747875,0.2824295364810002,0,0.900000000110037,0.08999999989095289
20.72564929747875,-0.2541865828329001,0,0.900000000110037,0.08999999989095289
20.72564929834449,-0.2541865828329001,0,0.8999999998899796,0.08999999989095289
20.72564929834449,-0.2541865828329001,0,0.8999999998899796,0.08999999989095289
20.76,-0.2541865828329001,0,0.8912685124182513,0.08999999989095289
20.88,-0.2541865828329001,0,0.8607661224783041,0.08999999989095289
21,-0.2541865828329001,0,0.8302637325383562,0.08999999989095289
21.12,-0.2541865828329001,0,0.7997613425984079,0.08999999989095289
21.24,-0.2541865828329001,0,0.7692589526584602,0.08999999989095289
21.36,-0.2541865828329001,0,0.738756562718512,0.08999999989095289
21.48,-0.2541865828329001,0,0.7082541727785637,0.08999999989095289
21.6,-0.2541865828329001,0,0.6777517828386154,0.08999999989095289
21.72,-0.2541865828329001,0,0.6472493928986683,0.08999999989095289
21.84,-0.2541865828329001,0,0.6167470029587201,0.08999999989095289
21.96,-0.2541865828329001,0,0.5862446130187718,0.08999999989095289
22.08,-0.2541865828329001,0,0.5557422230788245,0.08999999989095289
22.2,-0.2541865828329001,0,0.5252398331388761,0.08999999989095289
22.32,-0.2541865828329001,0,0.4947374431989279,0.08999999989095289
22.44,-0.2541865828329001,0,0.4642350532589796,0.08999999989095289
22.56,-0.2541865828329001,0,0.4337326633190323,0.08999999989095289
22.68,-0.2541865828329001,0,0.403230273379084,0.08999999989095289
22.8,-0.2541865828329001,0,0.3727278834391353,0.08999999989095289
22.92,-0.2541865828329001,0,0.3422254934991871,0.08999999989095289
23.04,-0.2541865828329001,0,0.3117231035592397,0.08999999989095289
23.16,-0.2541865828329001,0,0.2812207136192915,0.08999999989095289
23.28,-0.2541865828329001,0,0.2507183236793432,0.08999999989095289
23.4,-0.2541865828329001,0,0.2202159337393958,0.08999999989095289
23.52,-0.2541865828329001,0,0.1897135437994475,0.08999999989095289
23.64,-0.2541865828329001,0,0.1592111538594992,0.08999999989095289
23.76,-0.2541865828329001,0,0.128708763919551,0.08999999989095289
23.87294366409755,-0.2541865828329001,0,0.09999999988996877,0.08999999989095289
23.87294366409755,0.2287679245496101,0,0.09999999988996877,0.08999999989095289
23.87294366505972,0.2287679245496101,0,0.1000000001100819,0.08999999989095289
23.87294366505972,0.2287679245496101,0,0.1000000001100819,0.08999999989095289
23.88,0.2287679245496101,0,0.101614263209298,0.08999999989095289
24,0.2287679245496101,0,0.1290664141552513,0.08999999989095289
24.12,0.2287679245496101,0,0.1565185651012045,0.08999999989095289
24.24,0.2287679245496101,0,0.1839707160471576,0.08999999989095289
24.36,0.2287679245496101,0,0.211422866993111,0.08999999989095289
24.48,0.2287679245496101,0,0.2388750179390644,0.08999999989095289
24.6,0.2287679245496101,0,0.2663271688850179,0.08999999989095289
24.72,0.2287679245496101,0,0.2937793198309705,0.08999999989095289
24.84,0.2287679245496101,0,0.3212314707769239,0.08999999989095289
24.96,0.2287679245496101,0,0.3486836217228774,0.08999999989095289
25.08,0.2287679245496101,0,0.37613577266883,0.08999999989095289
25.2,0.2287679245496101,0,0.4035879236147835,0.08999999989095289
25.32,0.2287679245496101,0,0.431040074560737,0.08999999989095289
25.44,0.2287679245496101,0,0.4584922255066904,0.08999999989095289
25.56,0.2287679245496101,0,0.485944376452643,0.08999999989095289
25.68,0.2287679245496101,0,0.5133965273985965,0.08999999989095289
25.8,0.2287679245496101,0,0.54084867834455,0.08999999989095289
25.92,0.2287679245496101,0,0.5683008292905034,0.08999999989095289
26.04,0.2287679245496101,0,0.595752980236456,0.08999999989095289
26.16,0.2287679245496101,0,0.6232051311824094,0.08999999989095289
26.28,0.2287679245496101,0,0.6506572821283629,0.08999999989095289
26.4,0.2287679245496101,0,0.6781094330743155,0.08999999989095289
26.52,0.2287679245496101,0,0.7055615840202689,0.08999999989095289
26.64,0.2287679245496101,0,0.7330137349662224,0.08999999989095289
26.76,0.2287679245496101,0,0.7604658859121758,0.08999999989095289
26.88,0.2287679245496101,0,0.7879180368581284,0.08999999989095289
27,0.2287679245496101,0,0.8153701878040819,0.08999999989095289
27.12,0.2287679245496101,0,0.8428223387500353,0.08999999989095289
27.24,0.2287679245496101,0,0.870274489695988,0.08999999989095289
27.36,0.2287679245496101,0,0.8977266406419414,0.08999999989095289
27.36993740478493,0.2287679245496101,0,0.9000000001100004,0.08999999989095289
27.36993740478493,-0.2058911320946491,0,0.9000000001100004,0.08999999989095289
27.36993740585404,-0.2058911320946491,0,0.899999999889881,0.08999999989095289
27.36993740585404,-0.2058911320946491,0,0.899999999889881,0.08999999989095289
27.48,-0.2058911320946491,0,0.8773390877798948,0.08999999989095289
27.6,-0.2058911320946491,0,0.852632151928537,0.08999999989095289
27.72,-0.2058911320946491,0,0.8279252160771795,0.08999999989095289
27.84,-0.2058911320946491,0,0.8032182802258213,0.08999999989095289
27.96,-0.2058911320946491,0,0.7785113443744632,0.08999999989095289
28.08,-0.2058911320946491,0,0.7538044085231056,0.08999999989095289
28.2,-0.2058911320946491,0,0.7290974726717475,0.08999999989095289
28.32,-0.2058911320946491,0,0.7043905368203893,0.08999999989095289
28.44,-0.2058911320946491,0,0.6796836009690312,0.08999999989095289
28.56,-0.2058911320946491,0,0.6549766651176739,0.08999999989095289
28.68,-0.2058911320946491,0,0.630269729266316,0.08999999989095289
28.8,-0.2058911320946491,0,0.6055627934149578,0.08999999989095289
28.92,-0.2058911320946491,0,0.5808558575635997,0.08999999989095289
29.04,-0.2058911320946491,0,0.5561489217122424,0.08999999989095289
29.16,-0.2058911320946491,0,0.5314419858608843,0.08999999989095289
29.28,-0.2058911320946491,0,0.5067350500095261,0.08999999989095289
29.4,-0.2058911320946491,0,0.4820281141581688,0.08999999989095289
29.52,-0.2058911320946491,0,0.4573211783068107,0.08999999989095289
29.64,-0.2058911320946491,0,0.4326142424554526,0.08999999989095289
29.76,-0.2058911320946491,0,0.4079073066040945,0.08999999989095289
29.88,-0.2058911320946491,0,0.3832003707527366,0.08999999989095289
30,-0.2058911320946491,0,0.3584934349013785,0.08999999989095289
30.12,-0.2058911320946491,0,0.3337864990500204,0.08999999989095289
30.24,-0.2058911320946491,0,0.309079563198663,0.08999999989095289
30.36,-0.2058911320946491,0,0.284372627347305,0.08999999989095289
30.48,-0.2058911320946491,0,0.2596656914959468,0.08999999989095289
30.6,-0.2058911320946491,0,0.2349587556445887,0.08999999989095289
30.72,-0.2058911320946491,0,0.2102518197932314,0.08999999989095289
30.84,-0.2058911320946491,0,0.1855448839418732,0.08999999989095289
30.96,-0.2058911320946491,0,0.1608379480905152,0.08999999989095289
31.08,-0.2058911320946491,0,0.1361310122391578,0.08999999989095289
31.2,-0.2058911320946491,0,0.1114240763877997,0.08999999989095289
31.2554860055486,-0.2058911320946491,0,0.09999999988998884,0.08999999989095289
31.2554860055486,0.1853020188851842,0,0.09999999988998884,0.08999999989095289
31.25548600673599,0.1853020188851842,0,0.1000000001100154,0.08999999989095289
31.25548600673599,0.1853020188851842,0,0.1000000001100154,0.08999999989095289
31.32,0.1853020188851842,0,0.1119545733081816,0.08999999989095289
31.44,0.1853020188851842,0,0.1341908155744036,0.08999999989095289
31.56,0.1853020188851842,0,0.1564270578406254,0.08999999989095289
31.68,0.1853020188851842,0,0.1786633001068474,0.08999999989095289
31.8,0.1853020188851842,0,0.2008995423730698,0.08999999989095289
31.92,0.1853020188851842,0,0.223135784639292,0.08999999989095289
32.04,0.1853020188851842,0,0.2453720269055131,0.08999999989095289
32.16,0.1853020188851842,0,0.2676082691717347,0.08999999989095289
32.28,0.1853020188851842,0,0.2898445114379576,0.08999999989095289
32.4,0.1853020188851842,0,0.3120807537041793,0.08999999989095289
32.52,0.1853020188851842,0,0.3343169959704023,0.08999999989095289
32.64,0.1853020188851842,0,0.3565532382366239,0.08999999989095289
32.76,0.1853020188851842,0,0.3787894805028455,0.08999999989095289
32.88,0.1853020188851842,0,0.4010257227690686,0.08999999989095289
33,0.1853020188851842,0,0.4232619650352902,0.08999999989095289
33.12,0.1853020188851842,0,0.4454982073015119,0.08999999989095289
33.24,0.1853020188851842,0,0.4677344495677348,0.08999999989095289
33.36,0.1853020188851842,0,0.4899706918339565,0.08999999989095289
33.48,0.1853020188851842,0,0.512206934100178,0.08999999989095289
33.6,0.1853020188851842,0,0.534443176366401,0.08999999989095289
33.72,0.1853020188851842,0,0.5566794186326226,0.08999999989095289
33.84,0.1853020188851842,0,0.5789156608988456,0.08999999989095289
33.96,0.1853020188851842,0,0.6011519031650672,0.08999999989095289
34.08,0.1853020188851842,0,0.6233881454312888,0.08999999989095289
34.2,0.1853020188851842,0,0.6456243876975117,0.08999999989095289
34.32,0.1853020188851842,0,0.6678606299637334,0.08999999989095289
34.44,0.1853020188851842,0,0.6900968722299554,0.08999999989095289
34.56,0.1853020188851842,0,0.7123331144961784,0.08999999989095289
34.68,0.1853020188851842,0,0.7345693567624001,0.08999999989095289
34.8,0.1853020188851842,0,0.7568055990286217,0.08999999989095289
34.92,0.1853020188851842,0,0.7790418412948446,0.08999999989095289
35.04,0.1853020188851842,0,0.8012780835610662,0.08999999989095289
35.16,0.1853020188851842,0,0.8235143258272879,0.08999999989095289
35.28,0.1853020188851842,0,0.8457505680935109,0.08999999989095289
35.4,0.1853020188851842,0,0.8679868103597324,0.08999999989095289
35.52,0.1853020188851842,0,0.8902230526259554,0.08999999989095289
35.57276222862008,0.1853020188851842,0,0.9000000001101369,0.08999999989095289
35.57276222862008,-0.1667718169966658,0,0.9000000001101369,0.08999999989095289
35.57276222994052,-0.1667718169966658,0,0.8999999998899243,0.08999999989095289
35.57276222994052,-0.1667718169966658,0,0.8999999998899243,0.08999999989095289
35.64,-0.1667718169966658,0,0.8887866348063007,0.08999999989095289
35.76,-0.1667718169966658,0,0.8687740167667013,0.08999999989095289
35.88,-0.1667718169966658,0,0.8487613987271007,0.08999999989095289
36,-0.1667718169966658,0,0.8287487806875011,0.08999999989095289
36.12,-0.1667718169966658,0,0.8087361626479017,0.08999999989095289
36.24,-0.1667718169966658,0,0.7887235446083011,0.08999999989095289
36.36,-0.1667718169966658,0,0.7687109265687018,0.08999999989095289
36.48,-0.1667718169966658,0,0.7486983085291022,0.08999999989095289
36.6,-0.1667718169966658,0,0.7286856904895016,0.08999999989095289
36.72,-0.1667718169966658,0,0.7086730724499022,0.08999999989095289
36.84,-0.1667718169966658,0,0.6886604544103014,0.08999999989095289
36.96,-0.1667718169966658,0,0.668647836370702,0.08999999989095289
37.08,-0.1667718169966658,0,0.6486352183311027,0.08999999989095289
37.2,-0.1667718169966658,0,0.6286226002915021,0.08999999989095289
37.32,-0.1667718169966658,0,0.6086099822519025,0.08999999989095289
37.44,-0.1667718169966658,0,0.5885973642123031,0.08999999989095289
37.56,-0.1667718169966658,0,0.5685847461727025,0.08999999989095289
37.68,-0.1667718169966658,0,0.548572128133103,0.08999999989095289
37.8,-0.1667718169966658,0,0.5285595100935035,0.08999999989095289
37.92,-0.1667718169966658,0,0.5085468920539029,0.08999999989095289
38.04,-0.1667718169966658,0,0.4885342740143034,0.08999999989095289
38.16,-0.1667718169966658,0,0.468521655974704,0.08999999989095289
38.28,-0.1667718169966658,0,0.4485090379351033,0.08999999989095289
38.4,-0.1667718169966658,0,0.4284964198955038,0.08999999989095289
38.52,-0.1667718169966658,0,0.4084838018559032,0.08999999989095289
38.64,-0.1667718169966658,0,0.3884711838163039,0.08999999989095289
38.76,-0.1667718169966658,0,0.3684585657767044,0.08999999989095289
38.88,-0.1667718169966658,0,0.3484459477371038,0.08999999989095289
39,-0.1667718169966658,0,0.3284333296975043,0.08999999989095289
39.12,-0.1667718169966658,0,0.3084207116579049,0.08999999989095289
39.24,-0.1667718169966658,0,0.2884080936183043,0.08999999989095289
39.36,-0.1667718169966658,0,0.2683954755787048,0.08999999989095289
39.48,-0.1667718169966658,0,0.2483828575391053,0.08999999989095289
39.6,-0.1667718169966658,0,0.2283702394995046,0.08999999989095289
39.72,-0.1667718169966658,0,0.2083576214599052,0.08999999989095289
39.84,-0.1667718169966658,0,0.1883450034203046,0.08999999989095289
39.96,-0.1667718169966658,0,0.1683323853807051,0.08999999989095289
40.08,-0.1667718169966658,0,0.1483197673411056,0.08999999989095289
40.2,-0.1667718169966658,0,0.1283071493015049,0.08999999989095289
40.32,-0.1667718169966658,0,0.1082945312619055,0.08999999989095289
40.36973580981088,-0.1667718169966658,0,0.0999999998899451,0.08999999989095289
40.36973580981088,0.1500946352969992,0,0.0999999998899451,0.08999999989095289
40.36973581127737,0.1500946352969992,0,0.1000000001100572,0.08999999989095289
40.36973581127737,0.1500946352969992,0,0.1000000001100572,0.08999999989095289
40.44,0.1500946352969992,0,0.1105462778908204,0.08999999989095289
40.56,0.1500946352969992,0,0.1285576341264613,0.08999999989095289
40.68,0.1500946352969992,0,0.1465689903621004,0.08999999989095289
40.8,0.1500946352969992,0,0.16458034659774,0.08999999989095289
40.92,0.1500946352969992,0,0.1825917028333809,0.08999999989095289
41.04,0.1500946352969992,0,0.2006030590690204,0.08999999989095289
41.16,0.1500946352969992,0,0.2186144153046599,0.08999999989095289
41.28,0.1500946352969992,0,0.2366257715403005,0.08999999989095289
41.4,0.1500946352969992,0,0.2546371277759396,0.08999999989095289
41.52,0.1500946352969992,0,0.2726484840115802,0.08999999989095289
41.64,0.1500946352969992,0,0.2906598402472197,0.08999999989095289
41.76,0.1500946352969992,0,0.3086711964828592,0.08999999989095289
41.88,0.1500946352969992,0,0.3266825527184998,0.08999999989095289
42,0.1500946352969992,0,0.3446939089541393,0.08999999989095289
42.12,0.1500946352969992,0,0.3627052651897788,0.08999999989095289
42.24,0.1500946352969992,0,0.3807166214254194,0.08999999989095289
42.36,0.1500946352969992,0,0.3987279776610592,0.08999999989095289
42.48,0.1500946352969992,0,0.4167393338966986,0.08999999989095289
42.6,0.1500946352969992,0,0.4347506901323392,0.08999999989095289
42.72,0.1500946352969992,0,0.4527620463679788,0.08999999989095289
42.84,0.1500946352969992,0,0.4707734026036193,0.08999999989095289
42.96,0.1500946352969992,0,0.4887847588392589,0.08999999989095289
43.08,0.1500946352969992,0,0.5067961150748984,0.08999999989095289
43.2,0.1500946352969992,0,0.524807471310539,0.08999999989095289
43.32,0.1500946352969992,0,0.5428188275461785,0.08999999989095289
43.44,0.1500946352969992,0,0.560830183781818,0.08999999989095289
43.56,0.1500946352969992,0,0.5788415400174586,0.08999999989095289
43.68,0.1500946352969992,0,0.5968528962530981,0.08999999989095289
43.8,0.1500946352969992,0,0.6148642524887377,0.08999999989095289
43.92,0.1500946352969992,0,0.6328756087243782,0.08999999989095289
44.04,0.1500946352969992,0,0.6508869649600177,0.08999999989095289
44.16,0.1500946352969992,0,0.6688983211956573,0.08999999989095289
44.28,0.1500946352969992,0,0.6869096774312983,0.08999999989095289
44.4,0.1500946352969992,0,0.7049210336669378,0.08999999989095289
44.52,0.1500946352969992,0,0.7229323899025784,0.08999999989095289
44.64,0.1500946352969992,0,0.7409437461382179,0.08999999989095289
44.76,0.1500946352969992,0,0.7589551023738574,0.08999999989095289
44.88,0.1500946352969992,0,0.776966458609498,0.08999999989095289
45,0.1500946352969992,0,0.7949778148451375,0.08999999989095289
45.12,0.1500946352969992,0,0.8129891710807771,0.08999999989095289
45.24,0.1500946352969992,0,0.8310005273164176,0.08999999989095289
45.36,0.1500946352969992,0,0.8490118835520573,0.08999999989095289
45.48,0.1500946352969992,0,0.8670232397876967,0.08999999989095289
45.6,0.1500946352969992,0,0.8850345960233372,0.08999999989095289
45.69970645557814,0.1500946352969992,0,0.9000000001100952,0.08999999989095289
45.69970645557814,-0.1350851717672993,0,0.9000000001100952,0.08999999989095289
45.69970645720764,-0.1350851717672993,0,0.8999999998899745,0.08999999989095289
45.69970645720764,-0.1350851717672993,0,0.8999999998899745,0.08999999989095289
45.72,-0.1350851717672993,0,0.8972586431761022,0.08999999989095289
45.84,-0.1350851717672993,0,0.8810484225640256,0.08999999989095289
45.96,-0.1350851717672993,0,0.8648382019519497,0.08999999989095289
46.08,-0.1350851717672993,0,0.848627981339874,0.08999999989095289
46.2,-0.1350851717672993,0,0.8324177607277978,0.08999999989095289
46.32,-0.1350851717672993,0,0.8162075401157223,0.08999999989095289
46.44,-0.1350851717672993,0,0.7999973195036467,0.08999999989095289
46.56,-0.1350851717672993,0,0.7837870988915702,0.08999999989095289
46.68,-0.1350851717672993,0,0.7675768782794949,0.08999999989095289
46.8,-0.1350851717672993,0,0.7513666576674194,0.08999999989095289
46.92,-0.1350851717672993,0,0.7351564370553428,0.08999999989095289
47.04,-0.1350851717672993,0,0.7189462164432673,0.08999999989095289
47.16,-0.1350851717672993,0,0.7027359958311917,0.08999999989095289
47.28,-0.1350851717672993,0,0.6865257752191152,0.08999999989095289
47.4,-0.1350851717672993,0,0.6703155546070396,0.08999999989095289
47.52,-0.1350851717672993,0,0.6541053339949631,0.08999999989095289
47.64,-0.1350851717672993,0,0.6378951133828873,0.08999999989095289
47.76,-0.1350851717672993,0,0.6216848927708117,0.08999999989095289
47.88,-0.1350851717672993,0,0.6054746721587352,0.08999999989095289
48,-0.1350851717672993,0,0.5892644515466596,0.08999999989095289
48.12,-0.1350851717672993,0,0.5730542309345841,0.08999999989095289
48.24,-0.1350851717672993,0,0.5568440103225075,0.08999999989095289
48.36,-0.1350851717672993,0,0.540633789710432,0.08999999989095289
48.48,-0.1350851717672993,0,0.5244235690983564,0.08999999989095289
48.6,-0.1350851717672993,0,0.5082133484862799,0.08999999989095289
48.72,-0.1350851717672993,0,0.4920031278742043,0.08999999989095289
48.84,-0.1350851717672993,0,0.4757929072621278,0.08999999989095289
48.96,-0.1350851717672993,0,0.4595826866500522,0.08999999989095289
49.08,-0.1350851717672993,0,0.4433724660379766,0.08999999989095289
49.2,-0.1350851717672993,0,0.4271622454259001,0.08999999989095289
49.32,-0.1350851717672993,0,0.4109520248138245,0.08999999989095289
49.44,-0.1350851717672993,0,0.3947418042017486,0.08999999989095289
49.56,-0.1350851717672993,0,0.378531583589672,0.08999999989095289
49.68,-0.1350851717672993,0,0.3623213629775965,0.08999999989095289
49.8,-0.1350851717672993,0,0.3461111423655209,0.08999999989095289
49.92,-0.1350851717672993,0,0.3299009217534444,0.08999999989095289
50.04,-0.1350851717672993,0,0.3136907011413688,0.08999999989095289
50.16,-0.1350851717672993,0,0.2974804805292932,0.08999999989095289
50.28,-0.1350851717672993,0,0.2812702599172167,0.08999999989095289
50.4,-0.1350851717672993,0,0.2650600393051412,0.08999999989095289
50.52,-0.1350851717672993,0,0.2488498186930646,0.08999999989095289
50.64,-0.1350851717672993,0,0.2326395980809891,0.08999999989095289
50.76,-0.1350851717672993,0,0.2164293774689135,0.08999999989095289
50.88,-0.1350851717672993,0,0.2002191568568369,0.08999999989095289
51,-0.1350851717672993,0,0.1840089362447614,0.08999999989095289
51.12,-0.1350851717672993,0,0.1677987156326858,0.08999999989095289
51.24,-0.1350851717672993,0,0.1515884950206093,0.08999999989095289
51.36,-0.1350851717672993,0,0.1353782744085337,0.08999999989095289
51.48,-0.1350851717672993,0,0.1191680537964581,0.08999999989095289
51.6,-0.1350851717672993,0,0.1029578331843816,0.08999999989095289
51.62189606198623,-0.1350851717672993,0,0.0999999998899439,0.08999999989095289
51.62189606198623,0.1215766545905694,0,0.0999999998899439,0.08999999989095289
51.62189606379673,0.1215766545905694,0,0.1000000001100572,0.08999999989095289
51.62189606379673,0.1215766545905694,0,0.1000000001100572,0.08999999989095289
51.72,0.1215766545905694,0,0.1119271484758185,0.08999999989095289
51.84,0.1215766545905694,0,0.1265163470266873,0.08999999989095289
51.96,0.1215766545905694,0,0.1411055455775552,0.08999999989095289
52.08,0.1215766545905694,0,0.1556947441284232,0.08999999989095289
52.2,0.1215766545905694,0,0.1702839426792921,0.08999999989095289
52.32,0.1215766545905694,0,0.1848731412301597,0.08999999989095289
52.44,0.1215766545905694,0,0.1994623397810277,0.08999999989095289
52.56,0.1215766545905694,0,0.2140515383318966,0.08999999989095289
52.68,0.1215766545905694,0,0.2286407368827647,0.08999999989095289
52.8,0.1215766545905694,0,0.2432299354336326,0.08999999989095289
52.92,0.1215766545905694,0,0.2578191339845017,0.08999999989095289
53.04,0.1215766545905694,0,0.2724083325353697,0.08999999989095289
53.16,0.1215766545905694,0,0.2869975310862377,0.08999999989095289
53.28,0.1215766545905694,0,0.3015867296371066,0.08999999989095289
53.4,0.1215766545905694,0,0.3161759281879746,0.08999999989095289
53.52,0.1215766545905694,0,0.3307651267388435,0.08999999989095289
53.64,0.1215766545905694,0,0.3453543252897115,0.08999999989095289
53.76,0.1215766545905694,0,0.3599435238405795,0.08999999989095289
53.88,0.1215766545905694,0,0.3745327223914484,0.08999999989095289
54,0.1215766545905694,0,0.3891219209423168,0.08999999989095289
54.12,0.1215766545905694,0,0.4037111194931848,0.08999999989095289
54.24,0.1215766545905694,0,0.4183003180440538,0.08999999989095289
54.36,0.1215766545905694,0,0.4328895165949218,0.08999999989095289
54.48,0.1215766545905694,0,0.4474787151457897,0.08999999989095289
54.6,0.1215766545905694,0,0.4620679136966586,0.08999999989095289
54.72,0.1215766545905694,0,0.4766571122475267,0.08999999989095289
54.84,0.1215766545905694,0,0.4912463107983955,0.08999999989095289
54.96,0.1215766545905694,0,0.5058355093492635,0.08999999989095289
55.08,0.1215766545905694,0,0.5204247079001316,0.08999999989095289
55.2,0.1215766545905694,0,0.5350139064510004,0.08999999989095289
55.32,0.1215766545905694,0,0.5496031050018685,0.08999999989095289
55.44,0.1215766545905694,0,0.5641923035527364,0.08999999989095289
55.56,0.1215766545905694,0,0.5787815021036053,0.08999999989095289
55.68,0.1215766545905694,0,0.5933707006544733,0.08999999989095289
55.8,0.1215766545905694,0,0.6079598992053413,0.08999999989095289
55.92,0.1215766545905694,0,0.6225490977562103,0.08999999989095289
56.04,0.1215766545905694,0,0.6371382963070783,0.08999999989095289
56.16,0.1215766545905694,0,0.6517274948579462,0.08999999989095289
56.28,0.1215766545905694,0,0.6663166934088152,0.08999999989095289
56.4,0.1215766545905694,0,0.6809058919596832,0.08999999989095289
56.52,0.1215766545905694,0,0.695495090510552,0.08999999989095289
56.64,0.1215766545905694,0,0.7100842890614201,0.08999999989095289
56.76,0.1215766545905694,0,0.724673487612288,0.08999999989095289
56.88,0.1215766545905694,0,0.7392626861631569,0.08999999989095289
57,0.1215766545905694,0,0.753851884714025,0.08999999989095289
57.12,0.1215766545905694,0,0.7684410832648929,0.08999999989095289
57.24,0.1215766545905694,0,0.7830302818157618,0.08999999989095289
57.36,0.1215766545905694,0,0.7976194803666299,0.08999999989095289
57.48,0.1215766545905694,0,0.8122086789174978,0.08999999989095289
57.6,0.1215766545905694,0,0.8267978774683667,0.08999999989095289
57.72,0.1215766545905694,0,0.8413870760192348,0.08999999989095289
57.84,0.1215766545905694,0,0.8559762745701036,0.08999999989095289
57.96,0.1215766545905694,0,0.8705654731209717,0.08999999989095289
58.08,0.1215766545905694,0,0.8851546716718397,0.08999999989095289
58.2,0.1215766545905694,0,0.8997438702227085,0.08999999989095289
58.20210673577242,0.1215766545905694,0,0.900000000110025,0.08999999989095289
58.20210673577242,-0.1094189891315124,0,0.900000000110025,0.08999999989095289
58.20210673778413,-0.1094189891315124,0,0.8999999998899058,0.08999999989095289
58.20210673778413,-0.1094189891315124,0,0.8999999998899058,0.08999999989095289
58.32,-0.1094189891315124,0,0.8871002383128285,0.08999999989095289
58.44,-0.1094189891315124,0,0.8739699596170473,0.08999999989095289
58.56,-0.1094189891315124,0,0.8608396809212653,0.08999999989095289
58.68,-0.1094189891315124,0,0.8477094022254841,0.08999999989095289
58.8,-0.1094189891315124,0,0.834579123529703,0.08999999989095289
58.92,-0.1094189891315124,0,0.821448844833921,0.08999999989095289
59.04,-0.1094189891315124,0,0.8083185661381397,0.08999999989095289
59.16,-0.1094189891315124,0,0.7951882874423585,0.08999999989095289
59.28,-0.1094189891315124,0,0.7820580087465765,0.08999999989095289
59.4,-0.1094189891315124,0,0.7689277300507953,0.08999999989095289
59.52,-0.1094189891315124,0,0.7557974513550133,0.08999999989095289
59.64,-0.1094189891315124,0,0.7426671726592321,0.08999999989095289
59.76,-0.1094189891315124,0,0.7295368939634509,0.08999999989095289
59.88,-0.1094189891315124,0,0.7164066152676689,0.08999999989095289
60,-0.1094189891315124,0,0.7032763365718877,0.08999999989095289
60,-0.1094189891315124,0,0.7032763365718877,0.08999999989095289
